project_id,url
632,https://maharerait.maharashtra.gov.in/public/project/view/632
663,https://maharerait.maharashtra.gov.in/public/project/view/663
680,https://maharerait.maharashtra.gov.in/public/project/view/680
687,https://maharerait.maharashtra.gov.in/public/project/view/687
689,https://maharerait.maharashtra.gov.in/public/project/view/689
691,https://maharerait.maharashtra.gov.in/public/project/view/691
704,https://maharerait.maharashtra.gov.in/public/project/view/704
706,https://maharerait.maharashtra.gov.in/public/project/view/706
709,https://maharerait.maharashtra.gov.in/public/project/view/709
715,https://maharerait.maharashtra.gov.in/public/project/view/715
716,https://maharerait.maharashtra.gov.in/public/project/view/716
720,https://maharerait.maharashtra.gov.in/public/project/view/720
723,https://maharerait.maharashtra.gov.in/public/project/view/723
724,https://maharerait.maharashtra.gov.in/public/project/view/724
725,https://maharerait.maharashtra.gov.in/public/project/view/725
729,https://maharerait.maharashtra.gov.in/public/project/view/729
731,https://maharerait.maharashtra.gov.in/public/project/view/731
732,https://maharerait.maharashtra.gov.in/public/project/view/732
740,https://maharerait.maharashtra.gov.in/public/project/view/740
741,https://maharerait.maharashtra.gov.in/public/project/view/741
742,https://maharerait.maharashtra.gov.in/public/project/view/742
748,https://maharerait.maharashtra.gov.in/public/project/view/748
755,https://maharerait.maharashtra.gov.in/public/project/view/755
758,https://maharerait.maharashtra.gov.in/public/project/view/758
759,https://maharerait.maharashtra.gov.in/public/project/view/759
763,https://maharerait.maharashtra.gov.in/public/project/view/763
764,https://maharerait.maharashtra.gov.in/public/project/view/764
765,https://maharerait.maharashtra.gov.in/public/project/view/765
768,https://maharerait.maharashtra.gov.in/public/project/view/768
769,https://maharerait.maharashtra.gov.in/public/project/view/769
773,https://maharerait.maharashtra.gov.in/public/project/view/773
774,https://maharerait.maharashtra.gov.in/public/project/view/774
775,https://maharerait.maharashtra.gov.in/public/project/view/775
781,https://maharerait.maharashtra.gov.in/public/project/view/781
